published_at,weekday,hour,minute,location_id,location,facility,count,capacity,pct,is_closed,collected_at
2026-09-07T14:45:42.637,0,14,45,10163,50m Pool,Aquatics,2,45,4.4,False,2026-09-08T22:35:11+00:00
2026-09-08T17:03:53.963,1,17,3,9712,Cardio Gallery,Facility Operations,29,89,32.6,False,2026-09-08T22:35:11+00:00
2026-09-08T17:03:54.727,1,17,3,10596,Strength Training,Facility Operations,48,90,53.3,False,2026-09-08T22:35:11+00:00
2026-09-08T17:03:55.713,1,17,3,11558,Jungle Annex,Facility Operations,19,36,52.8,False,2026-09-08T22:35:11+00:00
2026-09-08T17:03:56.697,1,17,3,9721,Indoor Track,Facility Operations,16,50,32.0,False,2026-09-08T22:35:11+00:00
2026-09-08T16:12:29.007,1,16,12,10220,Brewer Courts,Facility Operations,0,50,0.0,True,2026-09-08T22:35:11+00:00
2026-09-08T16:12:29.76,1,16,12,9720,South Courts,Facility Operations,0,40,0.0,False,2026-09-08T22:35:11+00:00
2026-09-08T16:12:30.6,1,16,12,9722,North Courts,Facility Operations,9,40,22.5,False,2026-09-08T22:35:11+00:00
2026-09-08T16:12:31.397,1,16,12,9717,Weight Room,Facility Operations,35,55,63.6,False,2026-09-08T22:35:11+00:00
2026-09-08T16:12:32.18,1,16,12,9718,Climbing Wall,Facility Operations,0,8,0.0,False,2026-09-08T22:35:11+00:00
2026-09-08T16:12:32.947,1,16,12,9728,Boxing Gym,Facility Operations,1,16,6.2,False,2026-09-08T22:35:11+00:00
2026-09-08T16:12:33.9,1,16,12,9727,Functional Fitness,Facility Operations,2,10,20.0,False,2026-09-08T22:35:11+00:00
2026-09-08T14:30:43.14,1,14,30,9731,Outdoor Fitness,Facility Operations,4,45,8.9,False,2026-09-08T22:35:11+00:00
2026-09-08T19:42:26.143,1,19,42,10163,50m Pool,Aquatics,36,45,80.0,False,2026-09-09T01:26:16+00:00
2026-09-08T20:22:52.17,1,20,22,9712,Cardio Gallery,Facility Operations,23,89,25.8,False,2026-09-09T01:26:16+00:00
2026-09-08T20:22:52.937,1,20,22,10596,Strength Training,Facility Operations,38,90,42.2,False,2026-09-09T01:26:16+00:00
2026-09-08T20:22:53.877,1,20,22,11558,Jungle Annex,Facility Operations,14,36,38.9,False,2026-09-09T01:26:16+00:00
2026-09-08T20:22:54.64,1,20,22,9721,Indoor Track,Facility Operations,14,50,28.0,False,2026-09-09T01:26:16+00:00
2026-09-08T20:22:56.91,1,20,22,10220,Brewer Courts,Facility Operations,35,50,70.0,False,2026-09-09T01:26:16+00:00
2026-09-08T20:22:57.657,1,20,22,9720,South Courts,Facility Operations,2,40,5.0,False,2026-09-09T01:26:16+00:00
2026-09-08T20:22:58.46,1,20,22,9722,North Courts,Facility Operations,22,40,55.0,False,2026-09-09T01:26:16+00:00
2026-09-08T20:22:59.267,1,20,22,9717,Weight Room,Facility Operations,31,55,56.4,False,2026-09-09T01:26:16+00:00
2026-09-08T20:23:00.143,1,20,23,9718,Climbing Wall,Facility Operations,2,8,25.0,False,2026-09-09T01:26:16+00:00
2026-09-08T20:23:00.913,1,20,23,9728,Boxing Gym,Facility Operations,2,16,12.5,False,2026-09-09T01:26:16+00:00
2026-09-08T20:23:01.643,1,20,23,9727,Functional Fitness,Facility Operations,3,10,30.0,False,2026-09-09T01:26:16+00:00
2026-09-08T20:23:02.63,1,20,23,9731,Outdoor Fitness,Facility Operations,8,45,17.8,False,2026-09-09T01:26:16+00:00
2026-09-08T21:39:12.043,1,21,39,10163,50m Pool,Aquatics,24,45,53.3,False,2026-09-09T02:54:09+00:00
2026-09-09T06:55:19.147,2,6,55,10163,50m Pool,Aquatics,0,45,0.0,True,2026-09-09T11:59:46+00:00
2026-09-09T07:42:06.58,2,7,42,9712,Cardio Gallery,Facility Operations,22,89,24.7,False,2026-09-09T12:42:22+00:00
2026-09-09T07:42:06.58,2,7,42,10596,Strength Training,Facility Operations,34,90,37.8,False,2026-09-09T12:42:22+00:00
2026-09-09T07:42:06.58,2,7,42,11558,Jungle Annex,Facility Operations,12,36,33.3,False,2026-09-09T12:42:22+00:00
2026-09-09T07:42:06.58,2,7,42,9721,Indoor Track,Facility Operations,17,50,34.0,False,2026-09-09T12:42:22+00:00
2026-09-09T07:42:06.6,2,7,42,10220,Brewer Courts,Facility Operations,0,50,0.0,False,2026-09-09T12:42:22+00:00
2026-09-09T07:42:06.6,2,7,42,9720,South Courts,Facility Operations,0,40,0.0,False,2026-09-09T12:42:22+00:00
2026-09-09T07:42:06.61,2,7,42,9722,North Courts,Facility Operations,0,40,0.0,False,2026-09-09T12:42:22+00:00
2026-09-09T07:42:06.61,2,7,42,9717,Weight Room,Facility Operations,22,55,40.0,False,2026-09-09T12:42:22+00:00
2026-09-09T07:42:06.61,2,7,42,9718,Climbing Wall,Facility Operations,0,8,0.0,False,2026-09-09T12:42:22+00:00
2026-09-09T07:42:06.61,2,7,42,9728,Boxing Gym,Facility Operations,3,16,18.8,False,2026-09-09T12:42:22+00:00
2026-09-09T07:42:06.61,2,7,42,9727,Functional Fitness,Facility Operations,2,10,20.0,False,2026-09-09T12:42:22+00:00
2026-09-09T10:16:22.58,2,10,16,9712,Cardio Gallery,Facility Operations,21,89,23.6,False,2026-09-09T15:20:17+00:00
2026-09-09T10:16:23.623,2,10,16,10596,Strength Training,Facility Operations,38,90,42.2,False,2026-09-09T15:20:17+00:00
2026-09-09T10:16:24.357,2,10,16,11558,Jungle Annex,Facility Operations,15,36,41.7,False,2026-09-09T15:20:17+00:00
2026-09-09T10:16:25.437,2,10,16,9721,Indoor Track,Facility Operations,18,50,36.0,False,2026-09-09T15:20:17+00:00
2026-09-09T10:12:22.973,2,10,12,10220,Brewer Courts,Facility Operations,1,50,2.0,False,2026-09-09T15:20:17+00:00
2026-09-09T10:12:23.757,2,10,12,9720,South Courts,Facility Operations,0,40,0.0,False,2026-09-09T15:20:17+00:00
2026-09-09T10:12:24.553,2,10,12,9722,North Courts,Facility Operations,3,40,7.5,False,2026-09-09T15:20:17+00:00
2026-09-09T10:12:25.35,2,10,12,9717,Weight Room,Facility Operations,21,55,38.2,False,2026-09-09T15:20:17+00:00
2026-09-09T10:12:26.147,2,10,12,9718,Climbing Wall,Facility Operations,0,8,0.0,False,2026-09-09T15:20:17+00:00
2026-09-09T10:12:26.927,2,10,12,9728,Boxing Gym,Facility Operations,0,16,0.0,False,2026-09-09T15:20:17+00:00
2026-09-09T10:12:27.897,2,10,12,9727,Functional Fitness,Facility Operations,0,10,0.0,False,2026-09-09T15:20:17+00:00
2026-09-09T10:12:28.677,2,10,12,9731,Outdoor Fitness,Facility Operations,9,45,20.0,False,2026-09-09T15:20:17+00:00
2026-09-09T13:07:55.783,2,13,7,9712,Cardio Gallery,Facility Operations,14,89,15.7,False,2026-09-09T18:19:44+00:00
2026-09-09T13:07:56.787,2,13,7,10596,Strength Training,Facility Operations,42,90,46.7,False,2026-09-09T18:19:44+00:00
2026-09-09T13:07:57.537,2,13,7,11558,Jungle Annex,Facility Operations,14,36,38.9,False,2026-09-09T18:19:44+00:00
2026-09-09T13:07:58.44,2,13,7,9721,Indoor Track,Facility Operations,26,50,52.0,False,2026-09-09T18:19:44+00:00
2026-09-09T12:13:20.18,2,12,13,10220,Brewer Courts,Facility Operations,4,50,8.0,False,2026-09-09T18:19:44+00:00
2026-09-09T12:13:21.097,2,12,13,9720,South Courts,Facility Operations,0,40,0.0,False,2026-09-09T18:19:44+00:00
2026-09-09T12:13:21.83,2,12,13,9722,North Courts,Facility Operations,1,40,2.5,False,2026-09-09T18:19:44+00:00
2026-09-09T12:13:22.533,2,12,13,9717,Weight Room,Facility Operations,16,55,29.1,False,2026-09-09T18:19:44+00:00
2026-09-09T12:13:23.22,2,12,13,9718,Climbing Wall,Facility Operations,0,8,0.0,True,2026-09-09T18:19:44+00:00
2026-09-09T12:13:24.067,2,12,13,9728,Boxing Gym,Facility Operations,0,16,0.0,False,2026-09-09T18:19:44+00:00
2026-09-09T12:13:24.753,2,12,13,9727,Functional Fitness,Facility Operations,5,10,50.0,False,2026-09-09T18:19:44+00:00
2026-09-09T12:13:25.457,2,12,13,9731,Outdoor Fitness,Facility Operations,5,45,11.1,False,2026-09-09T18:19:44+00:00
2026-09-09T14:05:24.483,2,14,5,9712,Cardio Gallery,Facility Operations,28,89,31.5,False,2026-09-09T19:13:18+00:00
2026-09-09T14:05:25.233,2,14,5,10596,Strength Training,Facility Operations,34,90,37.8,False,2026-09-09T19:13:18+00:00
2026-09-09T14:05:26.13,2,14,5,11558,Jungle Annex,Facility Operations,13,36,36.1,False,2026-09-09T19:13:18+00:00
2026-09-09T14:05:26.86,2,14,5,9721,Indoor Track,Facility Operations,10,50,20.0,False,2026-09-09T19:13:18+00:00
2026-09-09T14:09:00.12,2,14,9,10220,Brewer Courts,Facility Operations,4,50,8.0,False,2026-09-09T19:13:18+00:00
2026-09-09T14:09:01.307,2,14,9,9720,South Courts,Facility Operations,2,40,5.0,False,2026-09-09T19:13:18+00:00
2026-09-09T14:09:02.277,2,14,9,9722,North Courts,Facility Operations,0,40,0.0,False,2026-09-09T19:13:18+00:00
2026-09-09T14:09:03.057,2,14,9,9717,Weight Room,Facility Operations,27,55,49.1,False,2026-09-09T19:13:18+00:00
2026-09-09T14:09:03.853,2,14,9,9728,Boxing Gym,Facility Operations,1,16,6.2,False,2026-09-09T19:13:18+00:00
2026-09-09T14:09:04.807,2,14,9,9727,Functional Fitness,Facility Operations,1,10,10.0,False,2026-09-09T19:13:18+00:00
2026-09-09T16:18:23.233,2,16,18,9712,Cardio Gallery,Facility Operations,27,89,30.3,False,2026-09-09T21:25:03+00:00
2026-09-09T16:18:24.517,2,16,18,10596,Strength Training,Facility Operations,49,90,54.4,False,2026-09-09T21:25:03+00:00
2026-09-09T16:18:25.377,2,16,18,11558,Jungle Annex,Facility Operations,21,36,58.3,False,2026-09-09T21:25:03+00:00
2026-09-09T16:18:26.19,2,16,18,9721,Indoor Track,Facility Operations,20,50,40.0,False,2026-09-09T21:25:03+00:00
2026-09-09T17:11:45.133,2,17,11,10220,Brewer Courts,Facility Operations,0,50,0.0,True,2026-09-09T22:15:50+00:00
2026-09-09T17:11:45.92,2,17,11,9720,South Courts,Facility Operations,44,40,110.0,False,2026-09-09T22:15:50+00:00
2026-09-09T17:11:47.057,2,17,11,9722,North Courts,Facility Operations,0,40,0.0,True,2026-09-09T22:15:50+00:00
2026-09-09T17:11:47.913,2,17,11,9717,Weight Room,Facility Operations,21,55,38.2,False,2026-09-09T22:15:50+00:00
2026-09-09T17:11:48.913,2,17,11,9728,Boxing Gym,Facility Operations,3,16,18.8,False,2026-09-09T22:15:50+00:00
2026-09-09T17:11:49.807,2,17,11,9727,Functional Fitness,Facility Operations,2,10,20.0,False,2026-09-09T22:15:50+00:00
2026-09-09T17:20:04.887,2,17,20,9712,Cardio Gallery,Facility Operations,24,89,27.0,False,2026-09-09T22:25:59+00:00
2026-09-09T17:20:05.907,2,17,20,10596,Strength Training,Facility Operations,51,90,56.7,False,2026-09-09T22:25:59+00:00
2026-09-09T17:20:06.997,2,17,20,11558,Jungle Annex,Facility Operations,23,36,63.9,False,2026-09-09T22:25:59+00:00
2026-09-09T17:20:08.09,2,17,20,9721,Indoor Track,Facility Operations,8,50,16.0,False,2026-09-09T22:25:59+00:00
2026-09-09T18:07:43.33,2,18,7,9720,South Courts,Facility Operations,0,40,0.0,True,2026-09-09T23:12:51+00:00
2026-09-09T18:07:44.597,2,18,7,9717,Weight Room,Facility Operations,25,55,45.5,False,2026-09-09T23:12:51+00:00
2026-09-09T18:07:45.47,2,18,7,9728,Boxing Gym,Facility Operations,3,16,18.8,False,2026-09-09T23:12:51+00:00
2026-09-09T18:07:46.38,2,18,7,9727,Functional Fitness,Facility Operations,0,10,0.0,False,2026-09-09T23:12:51+00:00
2026-09-09T18:07:47.283,2,18,7,9731,Outdoor Fitness,Facility Operations,0,45,0.0,True,2026-09-09T23:12:51+00:00
2026-09-10T07:05:47.893,3,7,5,9717,Weight Room,Facility Operations,16,55,29.1,False,2026-09-10T12:12:54+00:00
2026-09-10T07:05:49.283,3,7,5,9728,Boxing Gym,Facility Operations,2,16,12.5,False,2026-09-10T12:12:54+00:00
2026-09-10T07:05:50.707,3,7,5,9727,Functional Fitness,Facility Operations,3,10,30.0,False,2026-09-10T12:12:54+00:00
2026-09-10T09:04:22.19,3,9,4,9712,Cardio Gallery,Facility Operations,18,89,20.2,False,2026-09-10T14:07:34+00:00
2026-09-10T09:04:22.83,3,9,4,10596,Strength Training,Facility Operations,29,90,32.2,False,2026-09-10T14:07:34+00:00
2026-09-10T09:04:23.47,3,9,4,11558,Jungle Annex,Facility Operations,10,36,27.8,False,2026-09-10T14:07:34+00:00
2026-09-10T09:04:24.237,3,9,4,9721,Indoor Track,Facility Operations,12,50,24.0,False,2026-09-10T14:07:34+00:00
2026-09-10T09:55:42.697,3,9,55,9712,Cardio Gallery,Facility Operations,29,89,32.6,False,2026-09-10T14:58:05+00:00
2026-09-10T09:55:44.087,3,9,55,10596,Strength Training,Facility Operations,28,90,31.1,False,2026-09-10T14:58:05+00:00
2026-09-10T09:55:45.227,3,9,55,11558,Jungle Annex,Facility Operations,13,36,36.1,False,2026-09-10T14:58:05+00:00
2026-09-10T09:55:50.273,3,9,55,9721,Indoor Track,Facility Operations,8,50,16.0,False,2026-09-10T14:58:05+00:00
2026-09-10T11:58:20.523,3,11,58,9712,Cardio Gallery,Facility Operations,13,89,14.6,False,2026-09-10T17:44:06+00:00
2026-09-10T11:58:21.633,3,11,58,10596,Strength Training,Facility Operations,43,90,47.8,False,2026-09-10T17:44:06+00:00
2026-09-10T11:58:23.26,3,11,58,11558,Jungle Annex,Facility Operations,15,36,41.7,False,2026-09-10T17:44:06+00:00
2026-09-10T11:58:24.573,3,11,58,9721,Indoor Track,Facility Operations,20,50,40.0,False,2026-09-10T17:44:06+00:00
2026-09-10T10:26:32.84,3,10,26,9717,Weight Room,Facility Operations,20,55,36.4,False,2026-09-10T17:44:06+00:00
2026-09-10T10:26:34.073,3,10,26,9728,Boxing Gym,Facility Operations,4,16,25.0,False,2026-09-10T17:44:06+00:00
2026-09-10T10:26:35.387,3,10,26,9727,Functional Fitness,Facility Operations,3,10,30.0,False,2026-09-10T17:44:06+00:00
2026-09-10T13:12:05.207,3,13,12,9717,Weight Room,Facility Operations,24,55,43.6,False,2026-09-10T18:27:45+00:00
2026-09-10T13:12:06.833,3,13,12,9728,Boxing Gym,Facility Operations,3,16,18.8,False,2026-09-10T18:27:45+00:00
2026-09-10T13:12:08.473,3,13,12,9727,Functional Fitness,Facility Operations,0,10,0.0,False,2026-09-10T18:27:45+00:00
2026-09-10T14:09:45.143,3,14,9,9712,Cardio Gallery,Facility Operations,25,89,28.1,False,2026-09-10T20:01:53+00:00
2026-09-10T14:09:46.017,3,14,9,10596,Strength Training,Facility Operations,54,90,60.0,False,2026-09-10T20:01:53+00:00
2026-09-10T14:09:46.657,3,14,9,11558,Jungle Annex,Facility Operations,13,36,36.1,False,2026-09-10T20:01:53+00:00
2026-09-10T14:09:47.25,3,14,9,9721,Indoor Track,Facility Operations,15,50,30.0,False,2026-09-10T20:01:53+00:00
2026-09-10T14:04:41.23,3,14,4,9717,Weight Room,Facility Operations,28,55,50.9,False,2026-09-10T20:01:53+00:00
2026-09-10T14:04:41.917,3,14,4,9728,Boxing Gym,Facility Operations,4,16,25.0,False,2026-09-10T20:01:53+00:00
2026-09-10T14:04:42.557,3,14,4,9727,Functional Fitness,Facility Operations,0,10,0.0,False,2026-09-10T20:01:53+00:00
2026-09-10T16:13:48.353,3,16,13,9712,Cardio Gallery,Facility Operations,25,89,28.1,False,2026-09-10T21:52:10+00:00
2026-09-10T16:13:49.743,3,16,13,10596,Strength Training,Facility Operations,48,90,53.3,False,2026-09-10T21:52:10+00:00
2026-09-10T16:13:50.59,3,16,13,11558,Jungle Annex,Facility Operations,16,36,44.4,False,2026-09-10T21:52:10+00:00
2026-09-10T16:13:51.587,3,16,13,9721,Indoor Track,Facility Operations,7,50,14.0,False,2026-09-10T21:52:10+00:00
2026-09-10T17:56:36.543,3,17,56,9720,South Courts,Facility Operations,2,40,5.0,False,2026-09-10T23:02:41+00:00
2026-09-10T17:56:37.433,3,17,56,9722,North Courts,Facility Operations,35,40,87.5,False,2026-09-10T23:02:41+00:00
2026-09-10T17:56:38.153,3,17,56,9717,Weight Room,Facility Operations,21,55,38.2,False,2026-09-10T23:02:41+00:00
2026-09-10T17:56:38.87,3,17,56,9718,Climbing Wall,Facility Operations,4,8,50.0,False,2026-09-10T23:02:41+00:00
2026-09-10T17:56:39.667,3,17,56,9728,Boxing Gym,Facility Operations,0,16,0.0,False,2026-09-10T23:02:41+00:00
2026-09-10T17:56:40.37,3,17,56,9727,Functional Fitness,Facility Operations,0,10,0.0,False,2026-09-10T23:02:41+00:00
2026-09-11T05:57:45.043,4,5,57,9712,Cardio Gallery,Facility Operations,5,89,5.6,False,2026-09-11T13:32:58+00:00
2026-09-11T05:57:45.87,4,5,57,10596,Strength Training,Facility Operations,6,90,6.7,False,2026-09-11T13:32:58+00:00
2026-09-11T05:57:46.9,4,5,57,11558,Jungle Annex,Facility Operations,5,36,13.9,False,2026-09-11T13:32:58+00:00
2026-09-11T05:57:47.65,4,5,57,9721,Indoor Track,Facility Operations,0,50,0.0,False,2026-09-11T13:32:58+00:00
2026-09-11T05:57:50.043,4,5,57,9720,South Courts,Facility Operations,0,40,0.0,False,2026-09-11T13:32:58+00:00
2026-09-11T05:57:50.793,4,5,57,9722,North Courts,Facility Operations,0,40,0.0,False,2026-09-11T13:32:58+00:00
2026-09-11T05:57:51.51,4,5,57,9717,Weight Room,Facility Operations,5,55,9.1,False,2026-09-11T13:32:58+00:00
2026-09-11T05:57:52.247,4,5,57,9718,Climbing Wall,Facility Operations,0,8,0.0,False,2026-09-11T13:32:58+00:00
2026-09-11T05:57:53.027,4,5,57,9728,Boxing Gym,Facility Operations,0,16,0.0,False,2026-09-11T13:32:58+00:00
2026-09-11T05:57:53.76,4,5,57,9727,Functional Fitness,Facility Operations,0,10,0.0,False,2026-09-11T13:32:58+00:00
2026-09-11T12:09:07.857,4,12,9,10220,Brewer Courts,Facility Operations,4,50,8.0,False,2026-09-11T17:22:12+00:00
2026-09-11T12:09:08.717,4,12,9,9720,South Courts,Facility Operations,2,40,5.0,False,2026-09-11T17:22:12+00:00
2026-09-11T12:09:09.607,4,12,9,9722,North Courts,Facility Operations,0,40,0.0,False,2026-09-11T17:22:12+00:00
2026-09-11T12:09:10.64,4,12,9,9717,Weight Room,Facility Operations,16,55,29.1,False,2026-09-11T17:22:12+00:00
2026-09-11T12:09:11.703,4,12,9,9718,Climbing Wall,Facility Operations,0,8,0.0,False,2026-09-11T17:22:12+00:00
2026-09-11T12:09:12.747,4,12,9,9728,Boxing Gym,Facility Operations,0,16,0.0,False,2026-09-11T17:22:12+00:00
2026-09-11T12:09:13.59,4,12,9,9727,Functional Fitness,Facility Operations,0,10,0.0,False,2026-09-11T17:22:12+00:00
2026-09-11T14:18:46.453,4,14,18,9712,Cardio Gallery,Facility Operations,12,89,13.5,False,2026-09-11T19:24:41+00:00
2026-09-11T14:18:47.263,4,14,18,10596,Strength Training,Facility Operations,22,90,24.4,False,2026-09-11T19:24:41+00:00
2026-09-11T14:18:48.453,4,14,18,11558,Jungle Annex,Facility Operations,9,36,25.0,False,2026-09-11T19:24:41+00:00
2026-09-11T14:18:49.27,4,14,18,9721,Indoor Track,Facility Operations,9,50,18.0,False,2026-09-11T19:24:41+00:00
2026-09-11T14:18:14.3,4,14,18,10220,Brewer Courts,Facility Operations,7,50,14.0,False,2026-09-11T19:24:41+00:00
2026-09-11T14:18:15.42,4,14,18,9720,South Courts,Facility Operations,0,40,0.0,False,2026-09-11T19:24:41+00:00
2026-09-11T14:18:16.25,4,14,18,9722,North Courts,Facility Operations,0,40,0.0,False,2026-09-11T19:24:41+00:00
2026-09-11T14:18:17.06,4,14,18,9717,Weight Room,Facility Operations,19,55,34.5,False,2026-09-11T19:24:41+00:00
2026-09-11T14:18:18,4,14,18,9718,Climbing Wall,Facility Operations,0,8,0.0,False,2026-09-11T19:24:41+00:00
2026-09-11T14:18:18.763,4,14,18,9728,Boxing Gym,Facility Operations,0,16,0.0,False,2026-09-11T19:24:41+00:00
2026-09-11T14:18:19.687,4,14,18,9727,Functional Fitness,Facility Operations,1,10,10.0,False,2026-09-11T19:24:41+00:00
2026-09-11T14:40:56.577,4,14,40,9712,Cardio Gallery,Facility Operations,10,89,11.2,False,2026-09-11T19:44:50+00:00
2026-09-11T14:40:57.467,4,14,40,10596,Strength Training,Facility Operations,19,90,21.1,False,2026-09-11T19:44:50+00:00
2026-09-11T14:40:58.217,4,14,40,11558,Jungle Annex,Facility Operations,7,36,19.4,False,2026-09-11T19:44:50+00:00
2026-09-11T14:40:59,4,14,40,9721,Indoor Track,Facility Operations,7,50,14.0,False,2026-09-11T19:44:50+00:00
2026-09-11T14:41:01.28,4,14,41,10220,Brewer Courts,Facility Operations,9,50,18.0,False,2026-09-11T19:44:50+00:00
2026-09-11T14:41:02.067,4,14,41,9720,South Courts,Facility Operations,6,40,15.0,False,2026-09-11T19:44:50+00:00
2026-09-11T14:41:02.78,4,14,41,9722,North Courts,Facility Operations,1,40,2.5,False,2026-09-11T19:44:50+00:00
2026-09-11T14:41:03.577,4,14,41,9717,Weight Room,Facility Operations,17,55,30.9,False,2026-09-11T19:44:50+00:00
2026-09-11T14:41:04.33,4,14,41,9718,Climbing Wall,Facility Operations,0,8,0.0,False,2026-09-11T19:44:50+00:00
2026-09-11T14:41:05.17,4,14,41,9728,Boxing Gym,Facility Operations,2,16,12.5,False,2026-09-11T19:44:50+00:00
2026-09-11T14:41:05.92,4,14,41,9727,Functional Fitness,Facility Operations,3,10,30.0,False,2026-09-11T19:44:50+00:00
2026-09-11T16:10:41.913,4,16,10,9712,Cardio Gallery,Facility Operations,9,89,10.1,False,2026-09-11T21:54:10+00:00
2026-09-11T16:10:43.773,4,16,10,10596,Strength Training,Facility Operations,32,90,35.6,False,2026-09-11T21:54:10+00:00
2026-09-11T16:10:45.493,4,16,10,11558,Jungle Annex,Facility Operations,8,36,22.2,False,2026-09-11T21:54:10+00:00
2026-09-11T16:10:47.533,4,16,10,9721,Indoor Track,Facility Operations,13,50,26.0,False,2026-09-11T21:54:10+00:00
2026-09-11T16:04:37.62,4,16,4,10220,Brewer Courts,Facility Operations,31,50,62.0,False,2026-09-11T21:54:10+00:00
2026-09-11T16:04:38.96,4,16,4,9720,South Courts,Facility Operations,6,40,15.0,False,2026-09-11T21:54:10+00:00
2026-09-11T16:04:39.92,4,16,4,9722,North Courts,Facility Operations,6,40,15.0,False,2026-09-11T21:54:10+00:00
2026-09-11T16:09:39.643,4,16,9,9717,Weight Room,Facility Operations,25,55,45.5,False,2026-09-11T21:54:10+00:00
2026-09-11T16:04:41.04,4,16,4,9718,Climbing Wall,Facility Operations,1,8,12.5,False,2026-09-11T21:54:10+00:00
2026-09-11T16:04:41.883,4,16,4,9728,Boxing Gym,Facility Operations,5,16,31.2,False,2026-09-11T21:54:10+00:00
2026-09-11T16:04:42.757,4,16,4,9727,Functional Fitness,Facility Operations,0,10,0.0,False,2026-09-11T21:54:10+00:00
2026-09-11T17:19:01.987,4,17,19,9712,Cardio Gallery,Facility Operations,8,89,9.0,False,2026-09-11T23:35:39+00:00
2026-09-11T17:19:02.91,4,17,19,10596,Strength Training,Facility Operations,24,90,26.7,False,2026-09-11T23:35:39+00:00
2026-09-11T17:19:03.66,4,17,19,11558,Jungle Annex,Facility Operations,10,36,27.8,False,2026-09-11T23:35:39+00:00
2026-09-11T17:19:04.66,4,17,19,9721,Indoor Track,Facility Operations,15,50,30.0,False,2026-09-11T23:35:39+00:00
2026-09-12T15:04:37.11,5,15,4,9712,Cardio Gallery,Facility Operations,27,89,30.3,False,2026-09-12T20:08:54+00:00
2026-09-12T15:04:37.953,5,15,4,10596,Strength Training,Facility Operations,35,90,38.9,False,2026-09-12T20:08:54+00:00
2026-09-12T15:04:38.703,5,15,4,11558,Jungle Annex,Facility Operations,11,36,30.6,False,2026-09-12T20:08:54+00:00
2026-09-12T15:04:39.407,5,15,4,9721,Indoor Track,Facility Operations,14,50,28.0,False,2026-09-12T20:08:54+00:00
2026-09-12T15:04:42.11,5,15,4,10220,Brewer Courts,Facility Operations,48,50,96.0,False,2026-09-12T20:08:54+00:00
2026-09-12T15:04:42.873,5,15,4,9720,South Courts,Facility Operations,1,40,2.5,False,2026-09-12T20:08:54+00:00
2026-09-12T15:04:43.673,5,15,4,9722,North Courts,Facility Operations,12,40,30.0,False,2026-09-12T20:08:54+00:00
2026-09-12T15:04:44.547,5,15,4,9717,Weight Room,Facility Operations,22,55,40.0,False,2026-09-12T20:08:54+00:00
2026-09-12T15:04:45.313,5,15,4,9718,Climbing Wall,Facility Operations,0,8,0.0,False,2026-09-12T20:08:54+00:00
2026-09-12T15:04:46.16,5,15,4,9728,Boxing Gym,Facility Operations,1,16,6.2,False,2026-09-12T20:08:54+00:00
2026-09-12T15:04:46.92,5,15,4,9727,Functional Fitness,Facility Operations,1,10,10.0,False,2026-09-12T20:08:54+00:00
2026-09-12T17:06:58.773,5,17,6,9712,Cardio Gallery,Facility Operations,20,89,22.5,False,2026-09-12T22:16:16+00:00
2026-09-12T17:06:59.727,5,17,6,10596,Strength Training,Facility Operations,34,90,37.8,False,2026-09-12T22:16:16+00:00
2026-09-12T17:07:00.493,5,17,7,11558,Jungle Annex,Facility Operations,12,36,33.3,False,2026-09-12T22:16:16+00:00
2026-09-12T17:07:01.26,5,17,7,9721,Indoor Track,Facility Operations,8,50,16.0,False,2026-09-12T22:16:16+00:00
2026-09-12T17:07:03.667,5,17,7,10220,Brewer Courts,Facility Operations,19,50,38.0,False,2026-09-12T22:16:16+00:00
2026-09-12T17:07:04.43,5,17,7,9720,South Courts,Facility Operations,8,40,20.0,False,2026-09-12T22:16:16+00:00
2026-09-12T17:07:05.227,5,17,7,9722,North Courts,Facility Operations,11,40,27.5,False,2026-09-12T22:16:16+00:00
2026-09-12T17:07:05.993,5,17,7,9717,Weight Room,Facility Operations,22,55,40.0,False,2026-09-12T22:16:16+00:00
2026-09-12T17:07:06.76,5,17,7,9718,Climbing Wall,Facility Operations,0,8,0.0,False,2026-09-12T22:16:16+00:00
2026-09-12T17:07:07.54,5,17,7,9728,Boxing Gym,Facility Operations,1,16,6.2,False,2026-09-12T22:16:16+00:00
2026-09-12T17:07:08.353,5,17,7,9727,Functional Fitness,Facility Operations,1,10,10.0,False,2026-09-12T22:16:16+00:00
2026-09-12T18:24:03.92,5,18,24,9712,Cardio Gallery,Facility Operations,16,89,18.0,False,2026-09-13T00:07:38+00:00
2026-09-12T18:24:04.967,5,18,24,10596,Strength Training,Facility Operations,37,90,41.1,False,2026-09-13T00:07:38+00:00
2026-09-12T18:24:05.92,5,18,24,11558,Jungle Annex,Facility Operations,14,36,38.9,False,2026-09-13T00:07:38+00:00
2026-09-12T18:24:06.69,5,18,24,9721,Indoor Track,Facility Operations,5,50,10.0,False,2026-09-13T00:07:38+00:00
2026-09-13T13:40:26.363,6,13,40,9712,Cardio Gallery,Facility Operations,14,89,15.7,False,2026-09-13T18:48:02+00:00
2026-09-13T13:40:27.393,6,13,40,10596,Strength Training,Facility Operations,8,90,8.9,False,2026-09-13T18:48:02+00:00
2026-09-13T13:40:28.13,6,13,40,11558,Jungle Annex,Facility Operations,3,36,8.3,False,2026-09-13T18:48:02+00:00
2026-09-13T13:40:28.893,6,13,40,9721,Indoor Track,Facility Operations,10,50,20.0,False,2026-09-13T18:48:02+00:00
2026-09-13T13:40:32.037,6,13,40,10220,Brewer Courts,Facility Operations,16,50,32.0,False,2026-09-13T18:48:02+00:00
2026-09-13T13:40:32.8,6,13,40,9720,South Courts,Facility Operations,2,40,5.0,False,2026-09-13T18:48:02+00:00
2026-09-13T13:40:33.567,6,13,40,9722,North Courts,Facility Operations,1,40,2.5,False,2026-09-13T18:48:02+00:00
2026-09-13T13:40:34.537,6,13,40,9717,Weight Room,Facility Operations,4,55,7.3,False,2026-09-13T18:48:02+00:00
2026-09-13T13:40:35.52,6,13,40,9718,Climbing Wall,Facility Operations,0,8,0.0,False,2026-09-13T18:48:02+00:00
2026-09-13T13:40:36.3,6,13,40,9728,Boxing Gym,Facility Operations,0,16,0.0,False,2026-09-13T18:48:02+00:00
2026-09-13T13:40:37.113,6,13,40,9727,Functional Fitness,Facility Operations,1,10,10.0,False,2026-09-13T18:48:02+00:00
2026-09-13T13:40:37.93,6,13,40,9731,Outdoor Fitness,Facility Operations,4,45,8.9,False,2026-09-13T18:48:02+00:00
2026-09-13T20:00:05.367,6,20,0,10163,50m Pool,Aquatics,7,45,15.6,False,2026-09-14T01:18:29+00:00
2026-09-14T05:49:38.127,0,5,49,10163,50m Pool,Aquatics,0,45,0.0,True,2026-09-14T11:37:02+00:00
2026-09-14T06:16:57.12,0,6,16,9712,Cardio Gallery,Facility Operations,7,89,7.9,False,2026-09-14T11:37:02+00:00
2026-09-14T06:16:58.15,0,6,16,10596,Strength Training,Facility Operations,10,90,11.1,False,2026-09-14T11:37:02+00:00
2026-09-14T06:16:59.01,0,6,16,11558,Jungle Annex,Facility Operations,10,36,27.8,False,2026-09-14T11:37:02+00:00
2026-09-14T06:16:59.807,0,6,16,9721,Indoor Track,Facility Operations,0,50,0.0,False,2026-09-14T11:37:02+00:00
2026-09-14T07:03:02.343,0,7,3,10220,Brewer Courts,Facility Operations,0,50,0.0,False,2026-09-14T12:03:57+00:00
2026-09-14T07:03:03.173,0,7,3,9720,South Courts,Facility Operations,0,40,0.0,False,2026-09-14T12:03:57+00:00
2026-09-14T07:03:04.033,0,7,3,9722,North Courts,Facility Operations,0,40,0.0,False,2026-09-14T12:03:57+00:00
2026-09-14T07:03:04.843,0,7,3,9717,Weight Room,Facility Operations,13,55,23.6,False,2026-09-14T12:03:57+00:00
2026-09-14T07:03:05.69,0,7,3,9718,Climbing Wall,Facility Operations,0,8,0.0,False,2026-09-14T12:03:57+00:00
2026-09-14T07:03:06.453,0,7,3,9728,Boxing Gym,Facility Operations,0,16,0.0,False,2026-09-14T12:03:57+00:00
2026-09-14T07:03:07.233,0,7,3,9727,Functional Fitness,Facility Operations,1,10,10.0,False,2026-09-14T12:03:57+00:00
2026-09-14T07:03:08.22,0,7,3,9731,Outdoor Fitness,Facility Operations,6,45,13.3,False,2026-09-14T12:03:57+00:00
2026-09-14T07:59:58.207,0,7,59,9712,Cardio Gallery,Facility Operations,9,89,10.1,False,2026-09-14T13:24:06+00:00
2026-09-14T07:59:59.38,0,7,59,10596,Strength Training,Facility Operations,17,90,18.9,False,2026-09-14T13:24:06+00:00
2026-09-14T08:00:00.143,0,8,0,11558,Jungle Annex,Facility Operations,9,36,25.0,False,2026-09-14T13:24:06+00:00
2026-09-14T08:00:01.053,0,8,0,9721,Indoor Track,Facility Operations,12,50,24.0,False,2026-09-14T13:24:06+00:00
2026-09-14T08:00:03.8,0,8,0,10220,Brewer Courts,Facility Operations,0,50,0.0,False,2026-09-14T13:24:06+00:00
2026-09-14T08:00:04.693,0,8,0,9720,South Courts,Facility Operations,0,40,0.0,False,2026-09-14T13:24:06+00:00
2026-09-14T08:00:05.443,0,8,0,9722,North Courts,Facility Operations,0,40,0.0,False,2026-09-14T13:24:06+00:00
2026-09-14T08:00:06.21,0,8,0,9718,Climbing Wall,Facility Operations,0,8,0.0,False,2026-09-14T13:24:06+00:00
2026-09-14T08:00:07.003,0,8,0,9728,Boxing Gym,Facility Operations,0,16,0.0,False,2026-09-14T13:24:06+00:00
2026-09-14T08:00:07.77,0,8,0,9727,Functional Fitness,Facility Operations,2,10,20.0,False,2026-09-14T13:24:06+00:00
2026-09-14T08:00:08.52,0,8,0,9731,Outdoor Fitness,Facility Operations,8,45,17.8,False,2026-09-14T13:24:06+00:00
2026-09-14T09:51:15.353,0,9,51,9712,Cardio Gallery,Facility Operations,18,89,20.2,False,2026-09-14T15:54:40+00:00
2026-09-14T09:51:16.1,0,9,51,10596,Strength Training,Facility Operations,31,90,34.4,False,2026-09-14T15:54:40+00:00
2026-09-14T09:51:17.007,0,9,51,11558,Jungle Annex,Facility Operations,11,36,30.6,False,2026-09-14T15:54:40+00:00
2026-09-14T09:51:17.757,0,9,51,9721,Indoor Track,Facility Operations,11,50,22.0,False,2026-09-14T15:54:40+00:00
2026-09-14T12:13:55.62,0,12,13,9712,Cardio Gallery,Facility Operations,15,89,16.9,False,2026-09-14T17:14:48+00:00
2026-09-14T12:13:56.573,0,12,13,10596,Strength Training,Facility Operations,50,90,55.6,False,2026-09-14T17:14:48+00:00
2026-09-14T12:13:57.417,0,12,13,11558,Jungle Annex,Facility Operations,14,36,38.9,False,2026-09-14T17:14:48+00:00
2026-09-14T12:13:58.213,0,12,13,9721,Indoor Track,Facility Operations,13,50,26.0,False,2026-09-14T17:14:48+00:00
2026-09-14T12:11:17.2,0,12,11,10220,Brewer Courts,Facility Operations,1,50,2.0,False,2026-09-14T17:14:48+00:00
2026-09-14T12:11:18.123,0,12,11,9720,South Courts,Facility Operations,2,40,5.0,False,2026-09-14T17:14:48+00:00
2026-09-14T12:11:18.903,0,12,11,9722,North Courts,Facility Operations,0,40,0.0,False,2026-09-14T17:14:48+00:00
2026-09-14T12:11:19.7,0,12,11,9717,Weight Room,Facility Operations,25,55,45.5,False,2026-09-14T17:14:48+00:00
2026-09-14T12:11:20.573,0,12,11,9718,Climbing Wall,Facility Operations,0,8,0.0,False,2026-09-14T17:14:48+00:00
2026-09-14T12:11:21.357,0,12,11,9728,Boxing Gym,Facility Operations,0,16,0.0,False,2026-09-14T17:14:48+00:00
2026-09-14T12:11:22.183,0,12,11,9727,Functional Fitness,Facility Operations,1,10,10.0,False,2026-09-14T17:14:48+00:00
2026-09-14T12:11:22.95,0,12,11,9731,Outdoor Fitness,Facility Operations,6,45,13.3,False,2026-09-14T17:14:48+00:00
2026-09-14T13:00:27.28,0,13,0,10220,Brewer Courts,Facility Operations,4,50,8.0,False,2026-09-14T18:04:37+00:00
2026-09-14T13:00:28.067,0,13,0,9720,South Courts,Facility Operations,2,40,5.0,False,2026-09-14T18:04:37+00:00
2026-09-14T13:00:29.05,0,13,0,9722,North Courts,Facility Operations,2,40,5.0,False,2026-09-14T18:04:37+00:00
2026-09-14T13:00:30.253,0,13,0,9717,Weight Room,Facility Operations,28,55,50.9,False,2026-09-14T18:04:37+00:00
2026-09-14T13:00:31.173,0,13,0,9718,Climbing Wall,Facility Operations,0,8,0.0,False,2026-09-14T18:04:37+00:00
2026-09-14T13:00:32.69,0,13,0,9728,Boxing Gym,Facility Operations,1,16,6.2,False,2026-09-14T18:04:37+00:00
2026-09-14T13:00:34.127,0,13,0,9727,Functional Fitness,Facility Operations,2,10,20.0,False,2026-09-14T18:04:37+00:00
2026-09-14T13:09:17.413,0,13,9,9712,Cardio Gallery,Facility Operations,20,89,22.5,False,2026-09-14T18:14:42+00:00
2026-09-14T13:09:18.65,0,13,9,10596,Strength Training,Facility Operations,44,90,48.9,False,2026-09-14T18:14:42+00:00
2026-09-14T13:09:19.65,0,13,9,11558,Jungle Annex,Facility Operations,18,36,50.0,False,2026-09-14T18:14:42+00:00
2026-09-14T13:09:20.57,0,13,9,9721,Indoor Track,Facility Operations,21,50,42.0,False,2026-09-14T18:14:42+00:00
2026-09-14T14:05:33.067,0,14,5,9712,Cardio Gallery,Facility Operations,27,89,30.3,False,2026-09-14T19:11:40+00:00
2026-09-14T14:05:35.323,0,14,5,10596,Strength Training,Facility Operations,59,90,65.6,False,2026-09-14T19:11:40+00:00
2026-09-14T14:05:37.207,0,14,5,11558,Jungle Annex,Facility Operations,14,36,38.9,False,2026-09-14T19:11:40+00:00
2026-09-14T14:05:39.52,0,14,5,9721,Indoor Track,Facility Operations,22,50,44.0,False,2026-09-14T19:11:40+00:00
2026-09-14T14:17:12.65,0,14,17,10220,Brewer Courts,Facility Operations,5,50,10.0,False,2026-09-14T19:21:46+00:00
2026-09-14T14:17:13.667,0,14,17,9720,South Courts,Facility Operations,0,40,0.0,False,2026-09-14T19:21:46+00:00
2026-09-14T14:17:14.59,0,14,17,9722,North Courts,Facility Operations,0,40,0.0,False,2026-09-14T19:21:46+00:00
2026-09-14T14:17:15.51,0,14,17,9717,Weight Room,Facility Operations,23,55,41.8,False,2026-09-14T19:21:46+00:00
2026-09-14T14:17:17.09,0,14,17,9718,Climbing Wall,Facility Operations,0,8,0.0,False,2026-09-14T19:21:46+00:00
2026-09-14T14:17:18.09,0,14,17,9728,Boxing Gym,Facility Operations,2,16,12.5,False,2026-09-14T19:21:46+00:00
2026-09-14T14:17:19.463,0,14,17,9727,Functional Fitness,Facility Operations,4,10,40.0,False,2026-09-14T19:21:46+00:00
2026-09-14T14:17:20.433,0,14,17,9731,Outdoor Fitness,Facility Operations,5,45,11.1,False,2026-09-14T19:21:46+00:00
2026-09-14T16:06:31.333,0,16,6,9712,Cardio Gallery,Facility Operations,36,89,40.4,False,2026-09-14T21:41:57+00:00
2026-09-14T16:06:32.053,0,16,6,10596,Strength Training,Facility Operations,68,90,75.6,False,2026-09-14T21:41:57+00:00
2026-09-14T16:06:32.943,0,16,6,11558,Jungle Annex,Facility Operations,22,36,61.1,False,2026-09-14T21:41:57+00:00
2026-09-14T16:06:33.583,0,16,6,9721,Indoor Track,Facility Operations,23,50,46.0,False,2026-09-14T21:41:57+00:00
2026-09-14T16:22:21.807,0,16,22,10220,Brewer Courts,Facility Operations,27,50,54.0,False,2026-09-14T21:41:57+00:00
2026-09-14T16:22:22.807,0,16,22,9720,South Courts,Facility Operations,0,40,0.0,False,2026-09-14T21:41:57+00:00
2026-09-14T16:22:23.413,0,16,22,9722,North Courts,Facility Operations,7,40,17.5,False,2026-09-14T21:41:57+00:00
2026-09-14T16:22:24.29,0,16,22,9717,Weight Room,Facility Operations,37,55,67.3,False,2026-09-14T21:41:57+00:00
2026-09-14T16:22:25.007,0,16,22,9718,Climbing Wall,Facility Operations,3,8,37.5,False,2026-09-14T21:41:57+00:00
2026-09-14T16:22:25.727,0,16,22,9728,Boxing Gym,Facility Operations,1,16,6.2,False,2026-09-14T21:41:57+00:00
2026-09-14T16:22:26.49,0,16,22,9727,Functional Fitness,Facility Operations,1,10,10.0,False,2026-09-14T21:41:57+00:00
2026-09-14T16:22:27.477,0,16,22,9731,Outdoor Fitness,Facility Operations,22,45,48.9,False,2026-09-14T21:41:57+00:00
2026-09-14T17:16:30.853,0,17,16,9712,Cardio Gallery,Facility Operations,38,89,42.7,False,2026-09-14T22:18:19+00:00
2026-09-14T17:16:33.293,0,17,16,10596,Strength Training,Facility Operations,52,90,57.8,False,2026-09-14T22:18:19+00:00
2026-09-14T17:16:35.837,0,17,16,11558,Jungle Annex,Facility Operations,24,36,66.7,False,2026-09-14T22:18:19+00:00
2026-09-14T17:16:38.153,0,17,16,9721,Indoor Track,Facility Operations,19,50,38.0,False,2026-09-14T22:18:19+00:00
2026-09-14T17:16:43.543,0,17,16,10220,Brewer Courts,Facility Operations,21,50,42.0,False,2026-09-14T22:18:19+00:00
2026-09-14T17:16:44.843,0,17,16,9720,South Courts,Facility Operations,3,40,7.5,False,2026-09-14T22:18:19+00:00
2026-09-14T17:16:47.027,0,17,16,9722,North Courts,Facility Operations,3,40,7.5,False,2026-09-14T22:18:19+00:00
2026-09-14T17:16:49.59,0,17,16,9717,Weight Room,Facility Operations,37,55,67.3,False,2026-09-14T22:18:19+00:00
2026-09-14T17:16:51.03,0,17,16,9718,Climbing Wall,Facility Operations,6,8,75.0,False,2026-09-14T22:18:19+00:00
2026-09-14T17:16:51.997,0,17,16,9728,Boxing Gym,Facility Operations,3,16,18.8,False,2026-09-14T22:18:19+00:00
2026-09-14T17:16:53.093,0,17,16,9727,Functional Fitness,Facility Operations,1,10,10.0,False,2026-09-14T22:18:19+00:00
2026-09-14T17:16:54.167,0,17,16,9731,Outdoor Fitness,Facility Operations,19,45,42.2,False,2026-09-14T22:18:19+00:00
2026-09-14T18:16:47.077,0,18,16,9712,Cardio Gallery,Facility Operations,23,89,25.8,False,2026-09-15T00:29:33+00:00
2026-09-14T18:16:47.777,0,18,16,10596,Strength Training,Facility Operations,65,90,72.2,False,2026-09-15T00:29:33+00:00
2026-09-14T18:16:48.573,0,18,16,11558,Jungle Annex,Facility Operations,17,36,47.2,False,2026-09-15T00:29:33+00:00
2026-09-14T18:16:49.25,0,18,16,9721,Indoor Track,Facility Operations,14,50,28.0,False,2026-09-15T00:29:33+00:00
2026-09-14T18:16:51.293,0,18,16,10220,Brewer Courts,Facility Operations,14,50,28.0,False,2026-09-15T00:29:33+00:00
2026-09-14T18:16:51.9,0,18,16,9720,South Courts,Facility Operations,0,40,0.0,True,2026-09-15T00:29:33+00:00
2026-09-14T18:16:52.683,0,18,16,9722,North Courts,Facility Operations,3,40,7.5,False,2026-09-15T00:29:33+00:00
2026-09-14T18:16:53.453,0,18,16,9717,Weight Room,Facility Operations,28,55,50.9,False,2026-09-15T00:29:33+00:00
2026-09-14T18:16:54.183,0,18,16,9718,Climbing Wall,Facility Operations,7,8,87.5,False,2026-09-15T00:29:33+00:00
2026-09-14T18:16:54.937,0,18,16,9728,Boxing Gym,Facility Operations,0,16,0.0,False,2026-09-15T00:29:33+00:00
2026-09-14T18:16:55.59,0,18,16,9727,Functional Fitness,Facility Operations,2,10,20.0,False,2026-09-15T00:29:33+00:00
2026-09-14T18:16:56.34,0,18,16,9731,Outdoor Fitness,Facility Operations,11,45,24.4,False,2026-09-15T00:29:33+00:00
2026-09-14T20:23:43.223,0,20,23,10163,50m Pool,Aquatics,3,45,6.7,False,2026-09-15T01:52:58+00:00
2026-09-15T07:51:29.1,1,7,51,9712,Cardio Gallery,Facility Operations,19,89,21.3,False,2026-09-15T13:56:04+00:00
2026-09-15T07:51:29.927,1,7,51,10596,Strength Training,Facility Operations,34,90,37.8,False,2026-09-15T13:56:04+00:00
2026-09-15T07:51:30.817,1,7,51,11558,Jungle Annex,Facility Operations,10,36,27.8,False,2026-09-15T13:56:04+00:00
2026-09-15T07:51:32.163,1,7,51,9721,Indoor Track,Facility Operations,8,50,16.0,False,2026-09-15T13:56:04+00:00
2026-09-15T08:57:34.837,1,8,57,9712,Cardio Gallery,Facility Operations,22,89,24.7,False,2026-09-15T14:06:09+00:00
2026-09-15T08:57:35.85,1,8,57,10596,Strength Training,Facility Operations,41,90,45.6,False,2026-09-15T14:06:09+00:00
2026-09-15T08:57:36.553,1,8,57,11558,Jungle Annex,Facility Operations,12,36,33.3,False,2026-09-15T14:06:09+00:00
2026-09-15T08:57:37.32,1,8,57,9721,Indoor Track,Facility Operations,7,50,14.0,False,2026-09-15T14:06:09+00:00
2026-09-15T12:06:33.477,1,12,6,9712,Cardio Gallery,Facility Operations,25,89,28.1,False,2026-09-15T17:13:16+00:00
2026-09-15T12:06:34.337,1,12,6,10596,Strength Training,Facility Operations,40,90,44.4,False,2026-09-15T17:13:16+00:00
2026-09-15T12:06:34.977,1,12,6,11558,Jungle Annex,Facility Operations,16,36,44.4,False,2026-09-15T17:13:16+00:00
2026-09-15T12:06:35.633,1,12,6,9721,Indoor Track,Facility Operations,8,50,16.0,False,2026-09-15T17:13:16+00:00
2026-09-15T13:00:00.567,1,13,0,9712,Cardio Gallery,Facility Operations,25,89,28.1,False,2026-09-15T18:31:05+00:00
2026-09-15T13:00:01.283,1,13,0,10596,Strength Training,Facility Operations,40,90,44.4,False,2026-09-15T18:31:05+00:00
2026-09-15T13:00:02.63,1,13,0,11558,Jungle Annex,Facility Operations,16,36,44.4,False,2026-09-15T18:31:05+00:00
2026-09-15T14:00:40.19,1,14,0,9712,Cardio Gallery,Facility Operations,27,89,30.3,False,2026-09-15T19:49:24+00:00
2026-09-15T14:00:41.537,1,14,0,10596,Strength Training,Facility Operations,47,90,52.2,False,2026-09-15T19:49:24+00:00
2026-09-15T14:00:42.923,1,14,0,11558,Jungle Annex,Facility Operations,23,36,63.9,False,2026-09-15T19:49:24+00:00
2026-09-15T14:00:44.783,1,14,0,9721,Indoor Track,Facility Operations,15,50,30.0,False,2026-09-15T19:49:24+00:00
2026-09-15T15:32:13.627,1,15,32,9712,Cardio Gallery,Facility Operations,31,89,34.8,False,2026-09-15T21:40:13+00:00
2026-09-15T15:32:14.503,1,15,32,10596,Strength Training,Facility Operations,41,90,45.6,False,2026-09-15T21:40:13+00:00
2026-09-15T15:32:15.207,1,15,32,11558,Jungle Annex,Facility Operations,19,36,52.8,False,2026-09-15T21:40:13+00:00
2026-09-15T15:32:15.877,1,15,32,9721,Indoor Track,Facility Operations,22,50,44.0,False,2026-09-15T21:40:13+00:00
2026-09-15T15:32:17.957,1,15,32,10220,Brewer Courts,Facility Operations,17,50,34.0,False,2026-09-15T21:40:13+00:00
2026-09-15T15:32:18.627,1,15,32,9722,North Courts,Facility Operations,2,40,5.0,False,2026-09-15T21:40:13+00:00
2026-09-15T15:32:19.3,1,15,32,9717,Weight Room,Facility Operations,16,55,29.1,False,2026-09-15T21:40:13+00:00
2026-09-15T15:32:19.987,1,15,32,9718,Climbing Wall,Facility Operations,0,8,0.0,False,2026-09-15T21:40:13+00:00
2026-09-15T15:32:20.783,1,15,32,9728,Boxing Gym,Facility Operations,1,16,6.2,False,2026-09-15T21:40:13+00:00
2026-09-15T15:32:21.627,1,15,32,9727,Functional Fitness,Facility Operations,2,10,20.0,False,2026-09-15T21:40:13+00:00
2026-09-15T15:32:22.303,1,15,32,9731,Outdoor Fitness,Facility Operations,1,45,2.2,False,2026-09-15T21:40:13+00:00
2026-09-15T17:00:57.15,1,17,0,9712,Cardio Gallery,Facility Operations,32,89,36.0,False,2026-09-15T22:27:46+00:00
2026-09-15T17:00:57.913,1,17,0,10596,Strength Training,Facility Operations,40,90,44.4,False,2026-09-15T22:27:46+00:00
2026-09-15T17:00:59.493,1,17,0,11558,Jungle Annex,Facility Operations,16,36,44.4,False,2026-09-15T22:27:46+00:00
2026-09-15T17:01:00.763,1,17,1,9721,Indoor Track,Facility Operations,16,50,32.0,False,2026-09-15T22:27:46+00:00
2026-09-15T17:01:04.603,1,17,1,10220,Brewer Courts,Facility Operations,28,50,56.0,False,2026-09-15T22:27:46+00:00
2026-09-15T17:01:05.557,1,17,1,9720,South Courts,Facility Operations,3,40,7.5,False,2026-09-15T22:27:46+00:00
2026-09-15T17:01:06.557,1,17,1,9722,North Courts,Facility Operations,16,40,40.0,False,2026-09-15T22:27:46+00:00
2026-09-15T17:01:07.573,1,17,1,9717,Weight Room,Facility Operations,27,55,49.1,False,2026-09-15T22:27:46+00:00
2026-09-15T17:01:08.697,1,17,1,9718,Climbing Wall,Facility Operations,2,8,25.0,False,2026-09-15T22:27:46+00:00
2026-09-15T17:01:09.607,1,17,1,9728,Boxing Gym,Facility Operations,1,16,6.2,False,2026-09-15T22:27:46+00:00
2026-09-15T17:01:11.03,1,17,1,9727,Functional Fitness,Facility Operations,1,10,10.0,False,2026-09-15T22:27:46+00:00
2026-09-15T17:01:11.967,1,17,1,9731,Outdoor Fitness,Facility Operations,9,45,20.0,False,2026-09-15T22:27:46+00:00
2026-09-15T18:18:53.507,1,18,18,9712,Cardio Gallery,Facility Operations,35,89,39.3,False,2026-09-15T23:28:02+00:00
2026-09-15T18:18:54.177,1,18,18,10596,Strength Training,Facility Operations,51,90,56.7,False,2026-09-15T23:28:02+00:00
2026-09-15T18:18:54.87,1,18,18,11558,Jungle Annex,Facility Operations,15,36,41.7,False,2026-09-15T23:28:02+00:00
2026-09-15T18:18:55.537,1,18,18,9721,Indoor Track,Facility Operations,19,50,38.0,False,2026-09-15T23:28:02+00:00
2026-09-15T18:18:56.927,1,18,18,10220,Brewer Courts,Facility Operations,37,50,74.0,False,2026-09-15T23:28:02+00:00
2026-09-15T18:18:57.6,1,18,18,9720,South Courts,Facility Operations,5,40,12.5,False,2026-09-15T23:28:02+00:00
2026-09-15T18:18:58.277,1,18,18,9722,North Courts,Facility Operations,16,40,40.0,False,2026-09-15T23:28:02+00:00
2026-09-15T18:18:58.973,1,18,18,9717,Weight Room,Facility Operations,30,55,54.5,False,2026-09-15T23:28:02+00:00
2026-09-15T18:18:59.63,1,18,18,9718,Climbing Wall,Facility Operations,3,8,37.5,False,2026-09-15T23:28:02+00:00
2026-09-15T18:19:00.287,1,18,19,9728,Boxing Gym,Facility Operations,2,16,12.5,False,2026-09-15T23:28:02+00:00
2026-09-15T18:19:01.263,1,18,19,9727,Functional Fitness,Facility Operations,2,10,20.0,False,2026-09-15T23:28:02+00:00
2026-09-15T18:19:02.087,1,18,19,9731,Outdoor Fitness,Facility Operations,12,45,26.7,False,2026-09-15T23:28:02+00:00
2026-09-16T06:00:04.917,2,6,0,9712,Cardio Gallery,Facility Operations,5,89,5.6,False,2026-09-16T12:05:33+00:00
2026-09-16T06:00:05.573,2,6,0,10596,Strength Training,Facility Operations,7,90,7.8,False,2026-09-16T12:05:33+00:00
2026-09-16T06:00:06.387,2,6,0,11558,Jungle Annex,Facility Operations,4,36,11.1,False,2026-09-16T12:05:33+00:00
2026-09-16T06:00:07.063,2,6,0,9721,Indoor Track,Facility Operations,2,50,4.0,False,2026-09-16T12:05:33+00:00
2026-09-16T10:10:02.353,2,10,10,9712,Cardio Gallery,Facility Operations,19,89,21.3,False,2026-09-16T16:49:27+00:00
2026-09-16T10:10:03.177,2,10,10,10596,Strength Training,Facility Operations,27,90,30.0,False,2026-09-16T16:49:27+00:00
2026-09-16T10:10:03.837,2,10,10,11558,Jungle Annex,Facility Operations,18,36,50.0,False,2026-09-16T16:49:27+00:00
2026-09-16T10:10:04.817,2,10,10,9721,Indoor Track,Facility Operations,9,50,18.0,False,2026-09-16T16:49:27+00:00
2026-09-16T12:13:11.417,2,12,13,10220,Brewer Courts,Facility Operations,4,50,8.0,False,2026-09-16T17:30:08+00:00
2026-09-16T12:13:12.307,2,12,13,9720,South Courts,Facility Operations,0,40,0.0,False,2026-09-16T17:30:08+00:00
2026-09-16T12:13:12.997,2,12,13,9722,North Courts,Facility Operations,2,40,5.0,False,2026-09-16T17:30:08+00:00
2026-09-16T12:13:13.76,2,12,13,9717,Weight Room,Facility Operations,30,55,54.5,False,2026-09-16T17:30:08+00:00
2026-09-16T12:13:14.433,2,12,13,9718,Climbing Wall,Facility Operations,0,8,0.0,True,2026-09-16T17:30:08+00:00
2026-09-16T12:13:15.167,2,12,13,9728,Boxing Gym,Facility Operations,2,16,12.5,False,2026-09-16T17:30:08+00:00
2026-09-16T12:13:15.857,2,12,13,9727,Functional Fitness,Facility Operations,0,10,0.0,False,2026-09-16T17:30:08+00:00
2026-09-16T12:13:16.573,2,12,13,9731,Outdoor Fitness,Facility Operations,9,45,20.0,False,2026-09-16T17:30:08+00:00
2026-09-16T13:08:31.233,2,13,8,9712,Cardio Gallery,Facility Operations,19,89,21.3,False,2026-09-16T18:28:22+00:00
2026-09-16T13:08:32.077,2,13,8,10596,Strength Training,Facility Operations,53,90,58.9,False,2026-09-16T18:28:22+00:00
2026-09-16T13:08:32.75,2,13,8,11558,Jungle Annex,Facility Operations,8,36,22.2,False,2026-09-16T18:28:22+00:00
2026-09-16T13:08:33.453,2,13,8,9721,Indoor Track,Facility Operations,15,50,30.0,False,2026-09-16T18:28:22+00:00
2026-09-16T13:10:16.963,2,13,10,10220,Brewer Courts,Facility Operations,1,50,2.0,False,2026-09-16T18:28:22+00:00
2026-09-16T13:10:17.62,2,13,10,9720,South Courts,Facility Operations,0,40,0.0,False,2026-09-16T18:28:22+00:00
2026-09-16T13:10:18.29,2,13,10,9722,North Courts,Facility Operations,2,40,5.0,False,2026-09-16T18:28:22+00:00
2026-09-16T13:10:19.01,2,13,10,9717,Weight Room,Facility Operations,29,55,52.7,False,2026-09-16T18:28:22+00:00
2026-09-16T13:10:20.09,2,13,10,9728,Boxing Gym,Facility Operations,0,16,0.0,False,2026-09-16T18:28:22+00:00
2026-09-16T13:10:20.917,2,13,10,9727,Functional Fitness,Facility Operations,2,10,20.0,False,2026-09-16T18:28:22+00:00
2026-09-16T13:10:21.543,2,13,10,9731,Outdoor Fitness,Facility Operations,2,45,4.4,False,2026-09-16T18:28:22+00:00
2026-09-16T14:14:36.17,2,14,14,9712,Cardio Gallery,Facility Operations,33,89,37.1,False,2026-09-16T19:16:25+00:00
2026-09-16T14:14:37.06,2,14,14,10596,Strength Training,Facility Operations,55,90,61.1,False,2026-09-16T19:16:25+00:00
2026-09-16T14:14:37.75,2,14,14,11558,Jungle Annex,Facility Operations,23,36,63.9,False,2026-09-16T19:16:25+00:00
2026-09-16T14:14:38.453,2,14,14,9721,Indoor Track,Facility Operations,20,50,40.0,False,2026-09-16T19:16:25+00:00
2026-09-16T15:01:18.043,2,15,1,9712,Cardio Gallery,Facility Operations,27,89,30.3,False,2026-09-16T20:06:39+00:00
2026-09-16T15:01:18.89,2,15,1,10596,Strength Training,Facility Operations,59,90,65.6,False,2026-09-16T20:06:39+00:00
2026-09-16T15:01:19.573,2,15,1,11558,Jungle Annex,Facility Operations,17,36,47.2,False,2026-09-16T20:06:39+00:00
2026-09-16T15:01:20.357,2,15,1,9721,Indoor Track,Facility Operations,23,50,46.0,False,2026-09-16T20:06:39+00:00
2026-09-16T15:10:25.93,2,15,10,10220,Brewer Courts,Facility Operations,13,50,26.0,False,2026-09-16T20:16:43+00:00
2026-09-16T15:10:26.91,2,15,10,9720,South Courts,Facility Operations,0,40,0.0,False,2026-09-16T20:16:43+00:00
2026-09-16T15:10:27.677,2,15,10,9722,North Courts,Facility Operations,3,40,7.5,False,2026-09-16T20:16:43+00:00
2026-09-16T15:10:28.567,2,15,10,9717,Weight Room,Facility Operations,32,55,58.2,False,2026-09-16T20:16:43+00:00
2026-09-16T15:10:29.55,2,15,10,9728,Boxing Gym,Facility Operations,3,16,18.8,False,2026-09-16T20:16:43+00:00
2026-09-16T15:10:30.443,2,15,10,9727,Functional Fitness,Facility Operations,3,10,30.0,False,2026-09-16T20:16:43+00:00
2026-09-16T15:10:31.257,2,15,10,9731,Outdoor Fitness,Facility Operations,10,45,22.2,False,2026-09-16T20:16:43+00:00
2026-09-16T16:02:19.503,2,16,2,9712,Cardio Gallery,Facility Operations,25,89,28.1,False,2026-09-16T22:07:55+00:00
2026-09-16T16:02:22.863,2,16,2,10596,Strength Training,Facility Operations,69,90,76.7,False,2026-09-16T22:07:55+00:00
2026-09-16T16:02:25.93,2,16,2,11558,Jungle Annex,Facility Operations,30,36,83.3,False,2026-09-16T22:07:55+00:00
2026-09-16T16:08:45.293,2,16,8,9721,Indoor Track,Facility Operations,46,50,92.0,False,2026-09-16T22:07:55+00:00
2026-09-16T17:21:33.917,2,17,21,10220,Brewer Courts,Facility Operations,0,50,0.0,False,2026-09-16T22:24:08+00:00
2026-09-16T17:21:34.813,2,17,21,9720,South Courts,Facility Operations,20,40,50.0,False,2026-09-16T22:24:08+00:00
2026-09-16T17:21:35.667,2,17,21,9722,North Courts,Facility Operations,0,40,0.0,False,2026-09-16T22:24:08+00:00
2026-09-16T17:21:36.42,2,17,21,9717,Weight Room,Facility Operations,22,55,40.0,False,2026-09-16T22:24:08+00:00
2026-09-16T17:21:37.997,2,17,21,9728,Boxing Gym,Facility Operations,0,16,0.0,False,2026-09-16T22:24:08+00:00
2026-09-16T17:21:39.23,2,17,21,9727,Functional Fitness,Facility Operations,3,10,30.0,False,2026-09-16T22:24:08+00:00
2026-09-16T17:21:40.51,2,17,21,9731,Outdoor Fitness,Facility Operations,0,45,0.0,False,2026-09-16T22:24:08+00:00
2026-09-16T18:02:38.657,2,18,2,9712,Cardio Gallery,Facility Operations,32,89,36.0,False,2026-09-16T23:08:11+00:00
2026-09-16T18:02:39.69,2,18,2,10596,Strength Training,Facility Operations,37,90,41.1,False,2026-09-16T23:08:11+00:00
2026-09-16T18:02:40.663,2,18,2,11558,Jungle Annex,Facility Operations,12,36,33.3,False,2026-09-16T23:08:11+00:00
2026-09-16T18:02:41.423,2,18,2,9721,Indoor Track,Facility Operations,12,50,24.0,False,2026-09-16T23:08:11+00:00
2026-09-16T18:23:12.573,2,18,23,10220,Brewer Courts,Facility Operations,0,50,0.0,True,2026-09-16T23:28:18+00:00
2026-09-16T18:23:13.51,2,18,23,9720,South Courts,Facility Operations,28,40,70.0,False,2026-09-16T23:28:18+00:00
2026-09-16T18:23:14.853,2,18,23,9722,North Courts,Facility Operations,0,40,0.0,True,2026-09-16T23:28:18+00:00
2026-09-16T18:23:15.51,2,18,23,9717,Weight Room,Facility Operations,25,55,45.5,False,2026-09-16T23:28:18+00:00
2026-09-16T18:23:16.167,2,18,23,9728,Boxing Gym,Facility Operations,1,16,6.2,False,2026-09-16T23:28:18+00:00
2026-09-16T18:23:17.057,2,18,23,9727,Functional Fitness,Facility Operations,2,10,20.0,False,2026-09-16T23:28:18+00:00
2026-09-16T20:05:09.73,2,20,5,9712,Cardio Gallery,Facility Operations,32,89,36.0,False,2026-09-17T01:09:50+00:00
2026-09-16T20:05:10.933,2,20,5,10596,Strength Training,Facility Operations,36,90,40.0,False,2026-09-17T01:09:50+00:00
2026-09-16T20:05:11.807,2,20,5,11558,Jungle Annex,Facility Operations,16,36,44.4,False,2026-09-17T01:09:50+00:00
2026-09-16T20:05:13.34,2,20,5,9721,Indoor Track,Facility Operations,8,50,16.0,False,2026-09-17T01:09:50+00:00
2026-09-16T20:05:16.48,2,20,5,9720,South Courts,Facility Operations,25,40,62.5,False,2026-09-17T01:09:50+00:00
2026-09-16T20:05:17.62,2,20,5,9717,Weight Room,Facility Operations,29,55,52.7,False,2026-09-17T01:09:50+00:00
2026-09-16T20:05:18.777,2,20,5,9728,Boxing Gym,Facility Operations,1,16,6.2,False,2026-09-17T01:09:50+00:00
2026-09-16T20:05:24.23,2,20,5,9727,Functional Fitness,Facility Operations,2,10,20.0,False,2026-09-17T01:09:50+00:00
2026-09-16T20:05:25.39,2,20,5,9731,Outdoor Fitness,Facility Operations,16,45,35.6,False,2026-09-17T01:09:50+00:00
2026-09-16T21:07:49.483,2,21,7,9720,South Courts,Facility Operations,33,40,82.5,False,2026-09-17T02:10:08+00:00
2026-09-16T21:07:50.577,2,21,7,9717,Weight Room,Facility Operations,15,55,27.3,False,2026-09-17T02:10:08+00:00
2026-09-16T21:07:51.47,2,21,7,9731,Outdoor Fitness,Facility Operations,5,45,11.1,False,2026-09-17T02:10:08+00:00
2026-09-16T21:11:48.7,2,21,11,9712,Cardio Gallery,Facility Operations,27,89,30.3,False,2026-09-17T02:20:12+00:00
2026-09-16T21:11:49.357,2,21,11,10596,Strength Training,Facility Operations,34,90,37.8,False,2026-09-17T02:20:12+00:00
2026-09-16T21:11:50.043,2,21,11,11558,Jungle Annex,Facility Operations,14,36,38.9,False,2026-09-17T02:20:12+00:00
2026-09-16T21:11:50.777,2,21,11,9721,Indoor Track,Facility Operations,11,50,22.0,False,2026-09-17T02:20:12+00:00
2026-09-17T06:07:06.7,3,6,7,9712,Cardio Gallery,Facility Operations,4,89,4.5,False,2026-09-17T12:30:09+00:00
2026-09-17T06:07:07.593,3,6,7,10596,Strength Training,Facility Operations,5,90,5.6,False,2026-09-17T12:30:09+00:00
2026-09-17T06:07:08.263,3,6,7,11558,Jungle Annex,Facility Operations,3,36,8.3,False,2026-09-17T12:30:09+00:00
2026-09-17T06:07:08.95,3,6,7,9721,Indoor Track,Facility Operations,2,50,4.0,False,2026-09-17T12:30:09+00:00
2026-09-17T06:07:11.093,3,6,7,9720,South Courts,Facility Operations,0,40,0.0,False,2026-09-17T12:30:09+00:00
2026-09-17T06:07:11.78,3,6,7,9717,Weight Room,Facility Operations,6,55,10.9,False,2026-09-17T12:30:09+00:00
2026-09-17T06:07:12.497,3,6,7,9728,Boxing Gym,Facility Operations,0,16,0.0,False,2026-09-17T12:30:09+00:00
2026-09-17T06:07:13.373,3,6,7,9727,Functional Fitness,Facility Operations,0,10,0.0,False,2026-09-17T12:30:09+00:00
2026-09-17T06:07:14.063,3,6,7,9731,Outdoor Fitness,Facility Operations,1,45,2.2,False,2026-09-17T12:30:09+00:00
2026-09-17T09:10:37.003,3,9,10,9720,South Courts,Facility Operations,1,40,2.5,False,2026-09-17T14:58:12+00:00
2026-09-17T09:10:37.75,3,9,10,9717,Weight Room,Facility Operations,9,55,16.4,False,2026-09-17T14:58:12+00:00
2026-09-17T09:10:38.483,3,9,10,9728,Boxing Gym,Facility Operations,1,16,6.2,False,2026-09-17T14:58:12+00:00
2026-09-17T09:10:39.187,3,9,10,9727,Functional Fitness,Facility Operations,0,10,0.0,False,2026-09-17T14:58:12+00:00
2026-09-17T09:10:39.953,3,9,10,9731,Outdoor Fitness,Facility Operations,6,45,13.3,False,2026-09-17T14:58:12+00:00
2026-09-17T10:27:21.26,3,10,27,9720,South Courts,Facility Operations,0,40,0.0,False,2026-09-17T16:08:42+00:00
2026-09-17T10:27:22.137,3,10,27,9717,Weight Room,Facility Operations,20,55,36.4,False,2026-09-17T16:08:42+00:00
2026-09-17T10:27:22.92,3,10,27,9728,Boxing Gym,Facility Operations,4,16,25.0,False,2026-09-17T16:08:42+00:00
2026-09-17T10:27:23.64,3,10,27,9727,Functional Fitness,Facility Operations,0,10,0.0,False,2026-09-17T16:08:42+00:00
2026-09-17T10:27:24.387,3,10,27,9731,Outdoor Fitness,Facility Operations,7,45,15.6,False,2026-09-17T16:08:42+00:00
2026-09-17T12:15:10.123,3,12,15,9712,Cardio Gallery,Facility Operations,6,89,6.7,False,2026-09-17T17:15:55+00:00
2026-09-17T12:15:10.92,3,12,15,10596,Strength Training,Facility Operations,24,90,26.7,False,2026-09-17T17:15:55+00:00
2026-09-17T12:15:11.653,3,12,15,11558,Jungle Annex,Facility Operations,22,36,61.1,False,2026-09-17T17:15:55+00:00
2026-09-17T12:15:12.31,3,12,15,9721,Indoor Track,Facility Operations,11,50,22.0,False,2026-09-17T17:15:55+00:00
2026-09-17T12:59:31.963,3,12,59,10163,50m Pool,Aquatics,7,45,15.6,False,2026-09-17T18:52:10+00:00
2026-09-17T13:11:56.623,3,13,11,9712,Cardio Gallery,Facility Operations,21,89,23.6,False,2026-09-17T18:52:10+00:00
2026-09-17T13:11:57.28,3,13,11,10596,Strength Training,Facility Operations,45,90,50.0,False,2026-09-17T18:52:10+00:00
2026-09-17T13:11:58,3,13,11,11558,Jungle Annex,Facility Operations,20,36,55.6,False,2026-09-17T18:52:10+00:00
2026-09-17T13:11:58.64,3,13,11,9721,Indoor Track,Facility Operations,19,50,38.0,False,2026-09-17T18:52:10+00:00
2026-09-17T13:12:00.703,3,13,12,9720,South Courts,Facility Operations,17,40,42.5,False,2026-09-17T18:52:10+00:00
2026-09-17T13:12:01.53,3,13,12,9717,Weight Room,Facility Operations,25,55,45.5,False,2026-09-17T18:52:10+00:00
2026-09-17T13:12:02.28,3,13,12,9728,Boxing Gym,Facility Operations,2,16,12.5,False,2026-09-17T18:52:10+00:00
2026-09-17T13:12:02.973,3,13,12,9727,Functional Fitness,Facility Operations,2,10,20.0,False,2026-09-17T18:52:10+00:00
2026-09-17T15:14:01.62,3,15,14,9712,Cardio Gallery,Facility Operations,19,89,21.3,False,2026-09-17T20:55:19+00:00
2026-09-17T15:14:02.277,3,15,14,10596,Strength Training,Facility Operations,52,90,57.8,False,2026-09-17T20:55:19+00:00
2026-09-17T15:14:02.997,3,15,14,11558,Jungle Annex,Facility Operations,12,36,33.3,False,2026-09-17T20:55:19+00:00
2026-09-17T15:14:04.823,3,15,14,9721,Indoor Track,Facility Operations,16,50,32.0,False,2026-09-17T20:55:19+00:00
2026-09-17T14:08:15.857,3,14,8,9720,South Courts,Facility Operations,10,40,25.0,False,2026-09-17T20:55:19+00:00
2026-09-17T14:08:17.12,3,14,8,9717,Weight Room,Facility Operations,27,55,49.1,False,2026-09-17T20:55:19+00:00
2026-09-17T14:08:17.81,3,14,8,9728,Boxing Gym,Facility Operations,5,16,31.2,False,2026-09-17T20:55:19+00:00
2026-09-17T14:08:18.48,3,14,8,9727,Functional Fitness,Facility Operations,3,10,30.0,False,2026-09-17T20:55:19+00:00
2026-09-17T18:15:42.353,3,18,15,9712,Cardio Gallery,Facility Operations,22,89,24.7,False,2026-09-17T23:21:18+00:00
2026-09-17T18:15:43.01,3,18,15,10596,Strength Training,Facility Operations,35,90,38.9,False,2026-09-17T23:21:18+00:00
2026-09-17T18:15:43.773,3,18,15,11558,Jungle Annex,Facility Operations,7,36,19.4,False,2026-09-17T23:21:18+00:00
2026-09-17T18:15:44.747,3,18,15,9721,Indoor Track,Facility Operations,22,50,44.0,False,2026-09-17T23:21:18+00:00
2026-09-18T12:04:35.11,4,12,4,9712,Cardio Gallery,Facility Operations,18,89,20.2,False,2026-09-18T17:06:16+00:00
2026-09-18T12:04:35.72,4,12,4,10596,Strength Training,Facility Operations,49,90,54.4,False,2026-09-18T17:06:16+00:00
2026-09-18T12:04:36.517,4,12,4,11558,Jungle Annex,Facility Operations,22,36,61.1,False,2026-09-18T17:06:16+00:00
2026-09-18T12:04:37.193,4,12,4,9721,Indoor Track,Facility Operations,32,50,64.0,False,2026-09-18T17:06:16+00:00
2026-09-18T14:06:19.57,4,14,6,10220,Brewer Courts,Facility Operations,8,50,16.0,False,2026-09-18T19:24:53+00:00
2026-09-18T14:06:20.21,4,14,6,9720,South Courts,Facility Operations,0,40,0.0,True,2026-09-18T19:24:53+00:00
2026-09-18T14:06:20.833,4,14,6,9722,North Courts,Facility Operations,2,40,5.0,False,2026-09-18T19:24:53+00:00
2026-09-18T14:06:21.63,4,14,6,9717,Weight Room,Facility Operations,31,55,56.4,False,2026-09-18T19:24:53+00:00
2026-09-18T14:06:22.257,4,14,6,9728,Boxing Gym,Facility Operations,1,16,6.2,False,2026-09-18T19:24:53+00:00
2026-09-18T14:06:22.897,4,14,6,9727,Functional Fitness,Facility Operations,0,10,0.0,False,2026-09-18T19:24:53+00:00
2026-09-18T14:06:23.57,4,14,6,9731,Outdoor Fitness,Facility Operations,0,45,0.0,True,2026-09-18T19:24:53+00:00
2026-09-18T15:02:07.987,4,15,2,9712,Cardio Gallery,Facility Operations,20,89,22.5,False,2026-09-18T21:02:50+00:00
2026-09-18T15:02:08.61,4,15,2,10596,Strength Training,Facility Operations,48,90,53.3,False,2026-09-18T21:02:50+00:00
2026-09-18T15:02:09.25,4,15,2,11558,Jungle Annex,Facility Operations,17,36,47.2,False,2026-09-18T21:02:50+00:00
2026-09-18T15:02:09.86,4,15,2,9721,Indoor Track,Facility Operations,18,50,36.0,False,2026-09-18T21:02:50+00:00
2026-09-18T16:53:29.247,4,16,53,10163,50m Pool,Aquatics,1,45,2.2,True,2026-09-18T22:16:49+00:00
2026-09-18T17:02:03.03,4,17,2,10220,Brewer Courts,Facility Operations,34,50,68.0,False,2026-09-18T22:16:49+00:00
2026-09-18T17:02:04.453,4,17,2,9720,South Courts,Facility Operations,8,40,20.0,False,2026-09-18T22:16:49+00:00
2026-09-18T17:02:05.117,4,17,2,9722,North Courts,Facility Operations,28,40,70.0,False,2026-09-18T22:16:49+00:00
2026-09-18T17:02:05.94,4,17,2,9717,Weight Room,Facility Operations,32,55,58.2,False,2026-09-18T22:16:49+00:00
2026-09-18T17:02:06.843,4,17,2,9718,Climbing Wall,Facility Operations,7,8,87.5,False,2026-09-18T22:16:49+00:00
2026-09-18T17:02:07.517,4,17,2,9728,Boxing Gym,Facility Operations,2,16,12.5,False,2026-09-18T22:16:49+00:00
2026-09-18T17:02:08.233,4,17,2,9727,Functional Fitness,Facility Operations,2,10,20.0,False,2026-09-18T22:16:49+00:00
2026-09-18T18:51:39.127,4,18,51,10220,Brewer Courts,Facility Operations,28,50,56.0,False,2026-09-18T23:54:20+00:00
2026-09-18T18:51:39.967,4,18,51,9720,South Courts,Facility Operations,8,40,20.0,False,2026-09-18T23:54:20+00:00
2026-09-18T18:51:40.607,4,18,51,9722,North Courts,Facility Operations,28,40,70.0,False,2026-09-18T23:54:20+00:00
2026-09-18T18:51:41.217,4,18,51,9717,Weight Room,Facility Operations,32,55,58.2,False,2026-09-18T23:54:20+00:00
2026-09-18T18:51:41.873,4,18,51,9718,Climbing Wall,Facility Operations,7,8,87.5,False,2026-09-18T23:54:20+00:00
2026-09-18T18:51:42.53,4,18,51,9728,Boxing Gym,Facility Operations,0,16,0.0,False,2026-09-18T23:54:20+00:00
2026-09-18T18:51:43.153,4,18,51,9727,Functional Fitness,Facility Operations,2,10,20.0,False,2026-09-18T23:54:20+00:00
2026-09-20T12:40:41.53,6,12,40,9712,Cardio Gallery,Facility Operations,7,89,7.9,False,2026-09-20T19:32:26+00:00
2026-09-20T12:40:42.457,6,12,40,10596,Strength Training,Facility Operations,11,90,12.2,False,2026-09-20T19:32:26+00:00
2026-09-20T12:40:43.107,6,12,40,11558,Jungle Annex,Facility Operations,5,36,13.9,False,2026-09-20T19:32:26+00:00
2026-09-20T12:40:43.763,6,12,40,9721,Indoor Track,Facility Operations,8,50,16.0,False,2026-09-20T19:32:26+00:00
2026-09-20T12:40:45.783,6,12,40,10220,Brewer Courts,Facility Operations,14,50,28.0,False,2026-09-20T19:32:26+00:00
2026-09-20T12:40:46.407,6,12,40,9720,South Courts,Facility Operations,5,40,12.5,False,2026-09-20T19:32:26+00:00
2026-09-20T12:40:47.107,6,12,40,9722,North Courts,Facility Operations,1,40,2.5,False,2026-09-20T19:32:26+00:00
2026-09-20T12:40:47.767,6,12,40,9717,Weight Room,Facility Operations,16,55,29.1,False,2026-09-20T19:32:26+00:00
2026-09-20T12:40:48.39,6,12,40,9718,Climbing Wall,Facility Operations,0,8,0.0,False,2026-09-20T19:32:26+00:00
2026-09-20T12:40:49.093,6,12,40,9728,Boxing Gym,Facility Operations,0,16,0.0,False,2026-09-20T19:32:26+00:00
2026-09-20T12:40:49.72,6,12,40,9727,Functional Fitness,Facility Operations,1,10,10.0,False,2026-09-20T19:32:26+00:00
2026-09-20T12:40:50.577,6,12,40,9731,Outdoor Fitness,Facility Operations,2,45,4.4,True,2026-09-20T19:32:26+00:00
2026-09-20T20:35:23.407,6,20,35,10163,50m Pool,Aquatics,7,45,15.6,False,2026-09-21T01:39:24+00:00
2026-09-21T10:22:00.52,0,10,22,9712,Cardio Gallery,Facility Operations,20,89,22.5,False,2026-09-21T15:26:41+00:00
2026-09-21T10:22:01.97,0,10,22,10596,Strength Training,Facility Operations,26,90,28.9,False,2026-09-21T15:26:41+00:00
2026-09-21T10:22:02.953,0,10,22,11558,Jungle Annex,Facility Operations,14,36,38.9,False,2026-09-21T15:26:41+00:00
2026-09-21T10:22:03.893,0,10,22,9721,Indoor Track,Facility Operations,9,50,18.0,False,2026-09-21T15:26:41+00:00
2026-09-21T10:22:06.69,0,10,22,10220,Brewer Courts,Facility Operations,0,50,0.0,True,2026-09-21T15:26:41+00:00
2026-09-21T10:22:07.517,0,10,22,9720,South Courts,Facility Operations,2,40,5.0,False,2026-09-21T15:26:41+00:00
2026-09-21T10:22:08.227,0,10,22,9722,North Courts,Facility Operations,0,40,0.0,True,2026-09-21T15:26:41+00:00
2026-09-21T10:22:08.987,0,10,22,9717,Weight Room,Facility Operations,23,55,41.8,False,2026-09-21T15:26:41+00:00
2026-09-21T10:22:09.897,0,10,22,9718,Climbing Wall,Facility Operations,0,8,0.0,False,2026-09-21T15:26:41+00:00
2026-09-21T10:22:10.863,0,10,22,9728,Boxing Gym,Facility Operations,2,16,12.5,False,2026-09-21T15:26:41+00:00
2026-09-21T10:22:11.69,0,10,22,9727,Functional Fitness,Facility Operations,4,10,40.0,False,2026-09-21T15:26:41+00:00
2026-09-21T12:20:09.45,0,12,20,9712,Cardio Gallery,Facility Operations,13,89,14.6,False,2026-09-21T17:26:45+00:00
2026-09-21T12:20:10.153,0,12,20,10596,Strength Training,Facility Operations,43,90,47.8,False,2026-09-21T17:26:45+00:00
2026-09-21T12:20:11.123,0,12,20,11558,Jungle Annex,Facility Operations,12,36,33.3,False,2026-09-21T17:26:45+00:00
2026-09-21T12:20:11.793,0,12,20,9721,Indoor Track,Facility Operations,20,50,40.0,False,2026-09-21T17:26:45+00:00
2026-09-21T12:20:14.34,0,12,20,9720,South Courts,Facility Operations,3,40,7.5,False,2026-09-21T17:26:45+00:00
2026-09-21T12:20:15.03,0,12,20,9717,Weight Room,Facility Operations,19,55,34.5,False,2026-09-21T17:26:45+00:00
2026-09-21T12:20:15.873,0,12,20,9718,Climbing Wall,Facility Operations,0,8,0.0,False,2026-09-21T17:26:45+00:00
2026-09-21T12:20:16.577,0,12,20,9728,Boxing Gym,Facility Operations,0,16,0.0,False,2026-09-21T17:26:45+00:00
2026-09-21T12:20:17.247,0,12,20,9727,Functional Fitness,Facility Operations,1,10,10.0,False,2026-09-21T17:26:45+00:00
2026-09-21T12:20:17.97,0,12,20,9731,Outdoor Fitness,Facility Operations,11,45,24.4,False,2026-09-21T17:26:45+00:00
2026-09-21T13:12:19.36,0,13,12,9712,Cardio Gallery,Facility Operations,16,89,18.0,False,2026-09-21T18:16:59+00:00
2026-09-21T13:12:20.36,0,13,12,10596,Strength Training,Facility Operations,36,90,40.0,False,2026-09-21T18:16:59+00:00
2026-09-21T13:12:21.3,0,13,12,11558,Jungle Annex,Facility Operations,14,36,38.9,False,2026-09-21T18:16:59+00:00
2026-09-21T13:12:22.11,0,13,12,9721,Indoor Track,Facility Operations,20,50,40.0,False,2026-09-21T18:16:59+00:00
2026-09-21T13:12:23.127,0,13,12,9720,South Courts,Facility Operations,6,40,15.0,False,2026-09-21T18:16:59+00:00
2026-09-21T13:12:24.033,0,13,12,9717,Weight Room,Facility Operations,31,55,56.4,False,2026-09-21T18:16:59+00:00
2026-09-21T13:12:24.72,0,13,12,9718,Climbing Wall,Facility Operations,0,8,0.0,False,2026-09-21T18:16:59+00:00
2026-09-21T13:12:26.127,0,13,12,9728,Boxing Gym,Facility Operations,2,16,12.5,False,2026-09-21T18:16:59+00:00
2026-09-21T13:12:26.83,0,13,12,9727,Functional Fitness,Facility Operations,0,10,0.0,False,2026-09-21T18:16:59+00:00
2026-09-21T13:12:27.507,0,13,12,9731,Outdoor Fitness,Facility Operations,11,45,24.4,False,2026-09-21T18:16:59+00:00
